132535.39112697772,457166.8069426887,135565.39112697772,460196.8069426887,101,101
133598.1809607561,455224.16722179245,136628.1809607561,458254.16722179245,101,101
132164.53454314385,455745.47416046675,135194.53454314385,458775.47416046675,101,101
125914.7061894218,458511.18510609213,128944.7061894218,461541.18510609213,101,101
137660.18232123542,453631.0541239345,140690.18232123542,456661.0541239345,101,101
131395.09276167522,456524.5736033407,134425.09276167522,459554.5736033407,101,101
135211.93760265995,457355.411390448,138241.93760265995,460385.411390448,101,101
128532.11740454976,452567.76303446956,131562.11740454976,455597.76303446956,101,101
134085.6496510388,458388.38647743955,137115.6496510388,461418.38647743955,101,101
135303.47920783542,454070.4727179564,138333.47920783542,457100.4727179564,101,101
132309.94027644632,451643.19841830473,135339.94027644632,454673.19841830473,101,101
136354.98595965694,455130.64548835676,139384.98595965694,458160.64548835676,101,101
136971.46174659175,451992.0854668524,140001.46174659175,455022.0854668524,101,101
130666.36668962432,457263.23923715035,133696.36668962432,460293.23923715035,101,101
136557.6503161299,455583.5584417388,139587.6503161299,458613.5584417388,101,101
128307.96646580374,457690.69415620406,131337.96646580374,460720.69415620406,101,101
135297.76033275705,456580.0031951617,138327.76033275705,459610.0031951617,101,101
134930.1196683857,451258.1125167315,137960.1196683857,454288.1125167315,101,101
131859.9722448333,454764.0611001438,134889.9722448333,457794.0611001438,101,101
128138.91414902362,453333.2356364638,131168.91414902362,456363.2356364638,101,101
133521.79864627868,454848.8396351602,136551.79864627868,457878.8396351602,101,101
130012.67226040666,458069.253093751,133042.67226040666,461099.253093751,101,101
137094.6878177249,451382.2826048404,140124.6878177249,454412.2826048404,101,101
137193.98365083078,451664.61583240237,140223.98365083078,454694.61583240237,101,101
135320.13893214808,450810.4497056908,138350.13893214808,453840.4497056908,101,101
126239.57484012647,456421.2338686214,129269.57484012647,459451.2338686214,101,101
133394.22732627403,457377.48629813583,136424.22732627403,460407.48629813583,101,101
135115.9308658444,452507.91030132415,138145.9308658444,455537.91030132415,101,101
131887.14294590492,452595.2786428706,134917.14294590492,455625.2786428706,101,101
135615.72020372326,454012.31254358764,138645.72020372326,457042.31254358764,101,101
128377.08354182242,457794.97653295536,131407.08354182242,460824.97653295536,101,101
125927.35910897554,456432.935153735,128957.35910897554,459462.935153735,101,101
127371.67103930241,458875.06526366406,130401.67103930241,461905.06526366406,101,101
133601.44774843391,453235.4721257495,136631.44774843391,456265.4721257495,101,101
129164.95878651264,451457.7355427563,132194.95878651264,454487.7355427563,101,101
130003.73525055515,451858.0458092995,133033.73525055515,454888.0458092995,101,101
133275.99979975334,451701.56252838153,136305.99979975334,454731.56252838153,101,101
129773.28720543155,448965.0928734344,132803.28720543155,451995.0928734344,101,101
139358.1547318689,454532.71936776425,142388.1547318689,457562.71936776425,101,101
128828.74120117527,454696.6882841947,131858.74120117526,457726.6882841947,101,101
132602.9453842653,455179.05317539634,135632.9453842653,458209.05317539634,101,101
137490.1957255692,453422.056145196,140520.1957255692,456452.056145196,101,101
135502.633234856,451112.9901958901,138532.633234856,454142.9901958901,101,101
129310.07142482616,453984.88085211586,132340.07142482616,457014.88085211586,101,101
132254.07279079309,456681.0726474116,135284.07279079309,459711.0726474116,101,101
136128.40655951825,456496.48870892735,139158.40655951825,459526.48870892735,101,101
133854.26720142592,454289.418578419,136884.26720142592,457319.418578419,101,101
139214.66070583678,454538.5984269548,142244.66070583678,457568.5984269548,101,101
125393.43207209717,457458.5243390513,128423.43207209717,460488.5243390513,101,101
130248.09328247284,455736.8800988069,133278.09328247284,458766.8800988069,101,101
133315.16671669946,455354.42934377334,136345.16671669946,458384.42934377334,101,101
136110.69253502466,454928.3045030538,139140.69253502466,457958.3045030538,101,101
135117.80008249127,451780.2981325369,138147.80008249127,454810.2981325369,101,101
128426.95286888826,458019.04981725325,131456.95286888827,461049.04981725325,101,101
131191.63647735398,455759.8252589836,134221.63647735398,458789.8252589836,101,101
137610.9139060088,451026.5926222321,140640.9139060088,454056.5926222321,101,101
129029.86393149826,453549.49086095975,132059.86393149826,456579.49086095975,101,101
127361.15698482734,451693.92805580265,130391.15698482734,454723.92805580265,101,101
134611.83482789234,457567.4320149862,137641.83482789234,460597.4320149862,101,101
133207.43003640993,454459.344162019,136237.43003640993,457489.344162019,101,101
130031.59906839777,456169.29117047304,133061.59906839777,459199.29117047304,101,101
131922.8986389234,457692.5092452033,134952.8986389234,460722.5092452033,101,101
132791.1263568891,457719.7308736353,135821.1263568891,460749.7308736353,101,101
127723.9699698097,452840.59148748056,130753.9699698097,455870.59148748056,101,101
134598.72146888406,453369.246568626,137628.72146888406,456399.246568626,101,101
131827.8145873027,453350.25857772515,134857.8145873027,456380.25857772515,101,101
131547.75238590827,451289.0825857478,134577.75238590827,454319.0825857478,101,101
135471.92894161982,456818.3874778371,138501.92894161982,459848.3874778371,101,101
129587.24013320892,454107.77943813184,132617.24013320892,457137.77943813184,101,101
138018.04435039454,454687.29349466244,141048.04435039454,457717.29349466244,101,101
136340.14569719235,452402.6727965321,139370.14569719235,455432.6727965321,101,101
135394.71635853025,451626.56219674385,138424.71635853025,454656.56219674385,101,101
132062.75319570943,455839.88134512235,135092.75319570943,458869.88134512235,101,101
135097.16280454464,455614.6671392166,138127.16280454464,458644.6671392166,101,101
132986.4495963806,457738.45000933355,136016.4495963806,460768.45000933355,101,101
126840.09067649182,455246.88011940225,129870.09067649182,458276.88011940225,101,101
136862.16769887035,453599.1774325818,139892.16769887035,456629.1774325818,101,101
133418.470386895,455760.83267833514,136448.470386895,458790.83267833514,101,101
131403.94834576437,456506.41630790377,134433.94834576437,459536.41630790377,101,101
132143.5922465545,453039.0450995187,135173.5922465545,456069.0450995187,101,101
127465.74559163989,457151.43320135295,130495.74559163989,460181.43320135295,101,101
132387.8691621355,452281.4159264653,135417.8691621355,455311.4159264653,101,101
130553.54130533797,447810.666076215,133583.54130533797,450840.666076215,101,101
136760.61831161322,450523.68220062536,139790.61831161322,453553.68220062536,101,101
129155.56451252197,449920.2488513792,132185.56451252196,452950.2488513792,101,101
133644.04733058714,454515.1069104688,136674.04733058714,457545.1069104688,101,101
127350.07318965302,457349.8607061896,130380.07318965302,460379.8607061896,101,101
128694.35474884785,454891.6834254376,131724.35474884784,457921.6834254376,101,101
135415.2359957405,451731.8390403609,138445.2359957405,454761.8390403609,101,101
139762.98616814107,453341.37074270303,142792.98616814107,456371.37074270303,101,101
131713.22172304094,453374.56905939104,134743.22172304094,456404.56905939104,101,101
129697.39344575783,456562.0635619316,132727.39344575783,459592.0635619316,101,101
134497.3061588242,455701.8773062473,137527.3061588242,458731.8773062473,101,101
133385.97228299975,451338.07782305207,136415.97228299975,454368.07782305207,101,101
130685.23494386155,447650.3500155487,133715.23494386155,450680.3500155487,101,101
125429.24219157714,458263.86910668295,128459.24219157714,461293.86910668295,101,101
134911.5472636958,450962.6833398281,137941.5472636958,453992.6833398281,101,101
135641.0402996323,453566.43286843173,138671.0402996323,456596.43286843173,101,101
137864.71759202555,452976.97721677786,140894.71759202555,456006.97721677786,101,101
136190.99667699492,456452.80667770887,139220.99667699492,459482.80667770887,101,101
129772.13341821995,451617.5310810594,132802.13341821995,454647.5310810594,101,101
136789.65684406576,455174.23115042545,139819.65684406576,458204.23115042545,101,101
137245.75279212042,450819.75372857274,140275.75279212042,453849.75372857274,101,101
135141.36757111744,457412.44113085326,138171.36757111744,460442.44113085326,101,101
132249.77594968618,454736.84521443397,135279.77594968618,457766.84521443397,101,101
135474.8621584947,457053.7713445436,138504.8621584947,460083.7713445436,101,101
133405.16735209138,457701.36540380627,136435.16735209138,460731.36540380627,101,101
125545.60560167587,457401.0140533576,128575.60560167587,460431.0140533576,101,101
135523.72461669066,455833.018914762,138553.72461669066,458863.018914762,101,101
137520.5481832979,451600.12595774914,140550.5481832979,454630.12595774914,101,101
135976.85747093245,455781.02006198274,139006.85747093245,458811.02006198274,101,101
129968.18180106292,448876.3721215943,132998.18180106292,451906.3721215943,101,101
130185.94385100508,453825.7837251532,133215.94385100508,456855.7837251532,101,101
137021.1034956954,452441.521180383,140051.1034956954,455471.521180383,101,101
132692.3970556142,456686.66017858015,135722.3970556142,459716.66017858015,101,101
136570.74373255318,453477.4405283753,139600.74373255318,456507.4405283753,101,101
136464.17287230038,454132.08564250486,139494.17287230038,457162.08564250486,101,101
129701.25076440797,457270.76552713825,132731.25076440797,460300.76552713825,101,101
130132.9442372488,452446.30326184485,133162.9442372488,455476.30326184485,101,101
136589.08502809523,457153.76394965843,139619.08502809523,460183.76394965843,101,101
130132.6467406846,454911.86620950396,133162.6467406846,457941.86620950396,101,101
130416.15992920872,455474.66196813894,133446.15992920872,458504.66196813894,101,101
131071.34084173804,456568.6152457556,134101.34084173804,459598.6152457556,101,101
135625.78459640345,455407.84287110314,138655.78459640345,458437.84287110314,101,101
131032.78578827553,457970.1792236622,134062.78578827553,46101.1792236622,101,101
132057.2083448651,454699.7296478615,135087.2083448651,457729.7296478615,101,101
126364.22201154474,457010.2103552231,129394.22201154474,460040.2103552231,101,101
134543.0748566137,457515.4188675425,137573.0748566137,460545.4188675425,101,101
134446.4641408248,458655.24446845165,137476.4641408248,461685.24446845165,101,101
131171.77382250744,448434.62405644386,134201.77382250744,451464.62405644386,101,101
125747.19767652037,458064.00448684185,128777.19767652037,461094.00448684185,101,101
137688.17672578958,455964.2665714599,140718.17672578958,458994.2665714599,101,101
136900.41096568582,456693.9716830042,139930.41096568582,459723.9716830042,101,101
129075.35001569698,455386.41038627893,132105.35001569698,458416.41038627893,101,101
129630.99318838085,449282.4703552921,132660.99318838085,452312.4703552921,101,101
130733.10526173402,447828.38475795294,133763.10526173402,450858.38475795294,101,101
132144.16123213185,452059.0258000214,135174.16123213185,455089.0258000214,101,101
130973.82727660358,454170.8125846675,134003.82727660358,457200.8125846675,101,101
131003.49275862271,452096.0716876267,134033.4927586227,455126.0716876267,101,101
133096.33615359647,451331.3108778985,136126.33615359647,454361.3108778985,101,101
132878.3518029587,456487.63804449356,135908.3518029587,459517.63804449356,101,101
127304.47575041154,454389.3748307693,130334.47575041154,457419.3748307693,101,101
128489.07333201315,451298.64644783206,131519.07333201315,454328.64644783206,101,101
131288.82546128304,456153.50610234047,134318.82546128304,459183.50610234047,101,101
129833.74530467423,452288.868689367,132863.74530467423,455318.868689367,101,101
126759.71535601116,457541.4481496417,129789.71535601116,460571.4481496417,101,101
132674.53120465676,456340.70399756846,135704.53120465676,459370.70399756846,101,101
134154.14294910786,456612.0770393887,137184.14294910786,459642.0770393887,101,101
131635.83753451367,458145.57399523753,134665.83753451367,461175.57399523753,101,101
130630.38680638303,447909.80534135114,133660.38680638303,450939.80534135114,101,101
132424.4097673536,458549.1003012482,135454.4097673536,461579.1003012482,101,101
134552.38893060482,458753.2011594112,137582.38893060482,461783.2011594112,101,101
128777.76466576301,457396.375179001,131807.764665763,460426.375179001,101,101
130438.43148834744,453449.01096903335,133468.43148834744,456479.01096903335,101,101
134202.4170157439,455459.1635393962,137232.4170157439,458489.1635393962,101,101
136530.37576496758,450402.4322368371,139560.37576496758,453432.4322368371,101,101
135758.98684977507,457116.46924800717,138788.98684977507,460146.46924800717,101,101
129472.4861097508,457376.7450863123,132502.4861097508,460406.7450863123,101,101
137732.5281707474,454158.3190970284,140762.5281707474,457188.3190970284,101,101
134626.4740147786,456910.0331630706,137656.4740147786,459940.0331630706,101,101
137600.192187828,452743.7865354529,140630.192187828,455773.7865354529,101,101
127787.4784478645,456014.8541604867,130817.4784478645,459044.8541604867,101,101
131250.4996488019,455267.0310095172,134280.4996488019,458297.0310095172,101,101
131841.63111051367,455825.1238256542,134871.63111051367,458855.1238256542,101,101
128971.24781538916,453455.3415742458,132001.24781538916,456485.3415742458,101,101
129887.82915300675,456700.0605410639,132917.82915300675,459730.0605410639,101,101
127110.4624860996,456867.22568208206,130140.4624860996,459897.22568208206,101,101
127655.07715647966,454455.9841368487,130685.07715647966,457485.9841368487,101,101
125767.50717393444,457999.38306048245,128797.50717393444,461029.38306048245,101,101
131057.27973291371,453543.25468433386,134087.2797329137,456573.25468433386,101,101
138468.96846038365,454536.33447366295,141498.96846038365,457566.33447366295,101,101
137284.60592100926,451242.4338276734,140314.60592100926,454272.4338276734,101,101
133569.9854277204,452433.079483217,136599.9854277204,455463.079483217,101,101
127972.73587446845,451604.17365540663,131002.73587446845,454634.17365540663,101,101
135832.88641406075,450690.05269448704,138862.88641406075,453720.05269448704,101,101
135894.2948472228,452669.65978827985,138924.2948472228,455699.65978827985,101,101
127337.17683659276,456704.81361405365,130367.17683659276,459734.81361405365,101,101
136663.0167286767,452047.5382601024,139693.0167286767,455077.5382601024,101,101
132954.2715314402,457254.37460085074,135984.2715314402,460284.37460085074,101,101
136096.3199314642,457799.5642546037,139126.3199314642,460829.5642546037,101,101
135541.27534341704,453999.73524996237,138571.27534341704,457029.73524996237,101,101
134257.4114929885,453226.6500897772,137287.4114929885,456256.6500897772,101,101
134883.47515036518,457039.10981491586,137913.47515036518,460069.10981491586,101,101
126800.91962271284,454630.8657468552,129830.91962271284,457660.8657468552,101,101
131222.1437017251,449399.24403144774,134252.1437017251,452429.24403144774,101,101
139477.3794034744,454668.27852769126,142507.3794034744,457698.27852769126,101,101
133469.5978206081,451131.00771040685,136499.5978206081,454161.00771040685,101,101
129952.7352139584,449298.3972205799,132982.7352139584,452328.3972205799,101,101
131438.81898132458,456051.340265904,134468.81898132458,459081.340265904,101,101
135032.343352572,457648.9496156364,138062.343352572,460678.9496156364,101,101
129661.17932095495,450225.322587927,132691.17932095495,453255.322587927,101,101
129266.73191599008,455965.4527103612,132296.73191599007,458995.4527103612,101,101
132041.97075805062,454232.0505882394,135071.97075805062,457262.0505882394,101,101
132317.79505708162,456224.565020951,135347.79505708162,459254.565020951,101,101
135357.79171440026,458260.6315838622,138387.79171440026,461290.6315838622,101,101
135694.66621318273,454574.6757677197,138724.66621318273,457604.6757677197,101,101
131446.28203300794,451019.06308756245,134476.28203300794,454049.06308756245,101,101
131347.97271950048,457886.18316112924,134377.97271950048,460916.18316112924,101,101
130464.64406622056,453582.0286550515,133494.64406622056,456612.0286550515,101,101
135349.26094121655,450703.69089013786,138379.26094121655,453733.69089013786,101,101
132688.00406402684,457653.48032093316,135718.00406402684,460683.48032093316,101,101
126829.69515411313,459798.35720327764,129859.69515411313,462828.35720327764,101,101
135013.12616626304,452812.86891888245,138043.12616626304,455842.86891888245,101,101
134476.80309781613,456646.12889280333,137506.80309781613,459676.12889280333,101,101
132590.7347153872,453528.7956181426,135620.7347153872,456558.7956181426,101,101
128849.09266995019,453195.8603518314,131879.0926699502,456225.8603518314,101,101
130410.58390636308,449316.5599801777,133440.58390636308,452346.5599801777,101,101
128111.7782320844,453905.4531834731,131141.7782320844,456935.4531834731,101,101
132572.31584074735,458072.5849470517,135602.31584074735,461102.5849470517,101,101
140171.749895754,453118.6830982612,143201.749895754,456148.6830982612,101,101
136432.3802278083,453370.5289391378,139462.3802278083,456400.5289391378,101,101
132368.31043938085,458398.1605785009,135398.31043938085,461428.1605785009,101,101
135448.2202853553,454305.0909601109,138478.2202853553,457335.0909601109,101,101
135518.5827186917,457380.47909324704,138548.5827186917,460410.47909324704,101,101
129134.10778640547,456275.4354253562,132164.10778640548,459305.4354253562,101,101
126574.43705860396,456271.93204165885,129604.43705860396,459301.93204165885,101,101
136896.49105600634,451950.3959054896,139926.49105600634,454980.3959054896,101,101
133675.57950095652,452692.3813404455,136705.57950095652,455722.3813404455,101,101
129549.50968165729,456135.0034598149,132579.5096816573,459165.0034598149,101,101
127286.5068122401,455085.48431478324,130316.5068122401,458115.48431478324,101,101
134924.0880134834,454593.55525253434,137954.0880134834,457623.55525253434,101,101
132891.2404334901,457888.96811814344,135921.2404334901,460918.96811814344,101,101
133270.47226447935,455581.34689122107,136300.47226447935,458611.34689122107,101,101
134273.14583270578,454763.54029271234,137303.14583270578,457793.54029271234,101,101
126918.86683432097,457111.7129244482,129948.86683432097,460141.7129244482,101,101
134888.61645050818,452090.1411576068,137918.61645050818,455120.1411576068,101,101
132233.26163223677,455305.40904902585,135263.26163223677,458335.40904902585,101,101
131114.61702979569,457672.3128026552,134144.61702979569,460702.3128026552,101,101
131865.56713903608,451283.0399214713,134895.56713903608,454313.0399214713,101,101
130340.32675787888,451491.4635520588,133370.32675787888,454521.4635520588,101,101
130313.94981095838,448543.15201067994,133343.94981095838,451573.15201067994,101,101
128930.2464297291,453290.01073683804,131960.2464297291,456320.01073683804,101,101
133601.20869136308,452258.5941053666,136631.20869136308,455288.5941053666,101,101
129011.39584134793,457424.5607812227,132041.39584134793,460454.5607812227,101,101
129422.40951776083,455103.8690646501,132452.40951776083,458133.8690646501,101,101
126405.87424634074,454847.0917367439,129435.87424634074,457877.0917367439,101,101
130502.60048229506,450500.57035421394,133532.60048229506,453530.57035421394,101,101
133041.3706907122,456891.2740957281,136071.3706907122,459921.2740957281,101,101
128756.17681430119,453230.40090374043,131786.17681430117,456260.40090374043,101,101
131895.32786193228,452499.58974873653,134925.32786193228,455529.58974873653,101,101
131157.10503518244,451909.7699351545,134187.10503518244,454939.7699351545,101,101
125140.82740023789,457977.7319205896,128170.82740023789,461007.7319205896,101,101
131019.01489381114,451343.5038056703,134049.01489381114,454373.5038056703,101,101
136083.5497050007,450928.7529795838,139113.5497050007,453958.7529795838,101,101
137081.07268451538,452207.7786207159,140111.07268451538,455237.7786207159,101,101
131303.22114828086,457177.26163586235,134333.22114828086,460207.26163586235,101,101
130126.4163052417,450969.8142286462,133156.4163052417,453999.8142286462,101,101
134577.76687767726,456268.9846397436,137607.76687767726,459298.9846397436,101,101
132657.11354333768,452683.4181422496,135687.11354333768,455713.4181422496,101,101
128014.17826714339,456337.9807857159,131044.17826714339,459367.9807857159,101,101
135391.5013352698,455884.2333623972,138421.5013352698,458914.2333623972,101,101
133355.37497826217,457228.5430542573,136385.37497826217,460258.5430542573,101,101
131468.74028313457,452803.8501212086,134498.74028313457,455833.8501212086,101,101
132867.69731527293,452085.24747327104,135897.69731527293,455115.24747327104,101,101
133072.2693732204,457285.2634195404,136102.2693732204,460315.2634195404,101,101
127168.781011478,454809.9475460208,130198.781011478,457839.9475460208,101,101
126473.2597511861,457729.6079089928,129503.2597511861,460759.6079089928,101,101
126248.33480596557,457538.7040221331,129278.33480596557,460568.7040221331,101,101
134145.30931761992,452202.4395630446,137175.30931761992,455232.4395630446,101,101
130968.51274772521,452893.1468599337,133998.5127477252,455923.1468599337,101,101
137556.44415143962,451551.6840124353,140586.44415143962,454581.6840124353,101,101
130225.36324343109,455584.0402423832,133255.3632434311,458614.0402423832,101,101
135891.45480715187,451136.1270925717,138921.45480715187,454166.1270925717,101,101
134995.42767754832,457697.4053581582,138025.42767754832,460727.4053581582,101,101
129696.40060194986,453954.1986112612,132726.40060194986,456984.1986112612,101,101
139608.98008272727,453210.9864320403,142638.98008272727,456240.9864320403,101,101
134008.0079750083,457227.47268094646,137038.0079750083,460257.47268094646,101,101
139465.7483091443,454211.3683133148,142495.7483091443,457241.3683133148,101,101
133741.50160931874,453670.6377603951,136771.50160931874,456700.6377603951,101,101
128599.88563130205,453483.1321210497,131629.88563130205,456513.1321210497,101,101
129583.55063040843,454411.7625002047,132613.55063040843,457441.7625002047,101,101
138497.795536771,454578.2303115519,141527.795536771,457608.2303115519,101,101
136315.0071005324,452731.7537966467,139345.0071005324,455761.7537966467,101,101
129091.77939988377,455397.91703007714,132121.77939988376,458427.91703007714,101,101
127271.27004645852,456110.684372855,130301.27004645852,459140.684372855,101,101
128910.0291964115,455680.09622323065,131940.0291964115,458710.09622323065,101,101
137341.29902016217,456533.22109425085,140371.29902016217,459563.22109425085,101,101
137722.52276888594,452930.3021094286,140752.52276888594,455960.3021094286,101,101
129951.48115560986,457997.6202123781,132981.48115560986,461027.6202123781,101,101
138654.55670850739,454152.6721243383,141684.55670850739,457182.6721243383,101,101
131929.75795399444,451890.86251981364,134959.75795399444,454920.86251981364,101,101
136552.11322334662,456720.6277912027,139582.11322334662,459750.6277912027,101,101
129365.87680647537,455818.9786698588,132395.87680647537,458848.9786698588,101,101
129397.37263939428,455567.1905555264,132427.37263939428,458597.1905555264,101,101
134245.17768370706,455012.2655304889,137275.17768370706,458042.2655304889,101,101
135482.67756263388,456033.68271923234,138512.67756263388,459063.68271923234,101,101
135525.4066356315,452069.6222399701,138555.4066356315,455099.6222399701,101,101
134836.7298308909,454492.6255271613,137866.7298308909,457522.6255271613,101,101
133960.20646382467,454695.96649626084,136990.20646382467,457725.96649626084,101,101
129697.76367419903,452936.4018712463,132727.76367419903,455966.4018712463,101,101
134295.53640468125,458946.13819341,137325.53640468125,461976.13819341,101,101
128822.58978282454,453878.9163541378,131852.58978282454,456908.9163541378,101,101
129811.99213022407,456399.29414788476,132841.99213022407,459429.29414788476,101,101
133408.07749247635,458375.73049640027,136438.07749247635,461405.73049640027,101,101
131032.7076809532,448319.87758376275,134062.7076809532,451349.87758376275,101,101
134017.3946949119,452480.3504665953,137047.3946949119,455510.3504665953,101,101
131705.07873546166,454369.60744825704,134735.07873546166,457399.60744825704,101,101
137720.2985172963,455126.193024303,140750.2985172963,458156.193024303,101,101
131253.26422651892,451671.05916154257,134283.26422651892,454701.05916154257,101,101
137239.6056955778,451297.27637698065,140269.6056955778,454327.27637698065,101,101
128576.62491921842,452475.600991473,131606.62491921842,455505.600991473,101,101
130531.9789909508,449663.1466717627,133561.9789909508,452693.1466717627,101,101
131209.48714918198,448973.54176281125,134239.48714918198,452003.54176281125,101,101
129237.07873769,454081.48306579585,132267.07873769,457111.48306579585,101,101
130721.25133559867,456082.38347968203,133751.25133559867,459112.38347968203,101,101
129746.27659560068,454131.26570460876,132776.27659560068,457161.26570460876,101,101
137264.62890851407,455134.6850758335,140294.62890851407,458164.6850758335,101,101
133198.99580054719,452296.0390649765,136228.99580054719,455326.0390649765,101,101
127483.77365180344,455184.96267742955,130513.77365180344,458214.96267742955,101,101
136237.1003492392,454345.3857467701,139267.1003492392,457375.3857467701,101,101
133849.3442988653,458167.89469047316,136879.3442988653,461197.89469047316,101,101
133480.6047992629,453043.4961779214,136510.6047992629,456073.4961779214,101,101
135493.61309587865,456410.6624892856,138523.61309587865,459440.6624892856,101,101
135338.57568426183,452745.55121340975,138368.57568426183,455775.55121340975,101,101
133852.85067133134,456719.6805653336,136882.85067133134,459749.6805653336,101,101
133373.62491409073,451131.2824053271,136403.62491409073,454161.2824053271,101,101
135223.73905085435,451204.99135976564,138253.73905085435,454234.99135976564,101,101
130939.25858163933,450243.5087605776,133969.25858163933,453273.5087605776,101,101
134940.33446780712,451711.0482224598,137970.33446780712,454741.0482224598,101,101
136629.46097223446,451511.4949498264,139659.46097223446,454541.4949498264,101,101
133958.9358927172,458723.9531637592,136988.9358927172,461753.9531637592,101,101
127244.06629335118,458368.9860356175,130274.06629335118,461398.9860356175,101,101
129504.56524672515,449975.7974369345,132534.56524672516,453005.7974369345,101,101
128420.6297910942,454163.81651799363,131450.6297910942,457193.81651799363,101,101
130790.7571068905,455079.0962363395,133820.7571068905,458109.0962363395,101,101
139637.60873447894,453427.3857861473,142667.60873447894,456457.3857861473,101,101
127281.46756167614,454491.3503335559,130311.46756167614,457521.3503335559,101,101
128502.02697658379,454404.21347609133,131532.0269765838,457434.21347609133,101,101
127627.32528918183,457174.1169266352,130657.32528918183,460204.1169266352,101,101
136508.4474601086,453298.41723973316,139538.4474601086,456328.41723973316,101,101
131192.4154224532,451118.38009946165,134222.4154224532,454148.38009946165,101,101
128570.7345362432,450689.22561718884,131600.7345362432,453719.22561718884,101,101
131619.67470029768,455598.47849155724,134649.67470029768,458628.47849155724,101,101
127772.7504912218,456917.83007631765,130802.7504912218,459947.83007631765,101,101
136600.4937151641,454308.0561852648,139630.4937151641,457338.0561852648,101,101
135798.35080961106,455058.9040434918,138828.35080961106,458088.9040434918,101,101
127428.78623392823,458635.8651007845,130458.78623392823,461665.8651007845,101,101
132394.69053034546,457269.47652953106,135424.69053034546,460299.47652953106,101,101
128533.8292908056,454541.9860778631,131563.82929080562,457571.9860778631,101,101
130062.58811852633,448726.2649900168,133092.58811852633,451756.2649900168,101,101
136517.1589882451,453331.94524053065,139547.1589882451,456361.94524053065,101,101
131893.88877917582,451385.0311558423,134923.88877917582,454415.0311558423,101,101
133975.80682440847,452492.5558995907,137005.80682440847,455522.5558995907,101,101
130417.07552296584,453090.0413625209,133447.07552296584,456120.0413625209,101,101
133983.14181670628,454524.56669120217,137013.14181670628,457554.56669120217,101,101
135508.8667556557,450431.9733056486,138538.8667556557,453461.9733056486,101,101
136087.71486637875,455441.10868383065,139117.71486637875,458471.10868383065,101,101
131326.40537044322,453343.97899388295,134356.40537044322,456373.97899388295,101,101
134928.24741319485,454562.90514448035,137958.24741319485,457592.90514448035,101,101
132319.63013677002,458337.5577064164,135349.63013677002,461367.5577064164,101,101
128733.70731995585,456577.1299234944,131763.70731995587,459607.1299234944,101,101
135446.56878480746,451335.0904743791,138476.56878480746,454365.0904743791,101,101
128329.27670029386,456925.2866214207,131359.27670029388,459955.2866214207,101,101
133667.5546703696,456365.93575848645,136697.5546703696,459395.93575848645,101,101
130017.86289857715,448658.3178122983,133047.86289857715,451688.3178122983,101,101
130264.2358227766,452287.98547161784,133294.2358227766,455317.98547161784,101,101
137369.8700675978,452927.5593186886,140399.8700675978,455957.5593186886,101,101
130701.24707297512,453791.33084441005,133731.24707297512,456821.33084441005,101,101
135923.7051979457,452539.5827280187,138953.7051979457,455569.5827280187,101,101
127468.72462305862,452641.0763287967,130498.72462305862,455671.0763287967,101,101
127805.12671260846,451785.60943883215,130835.12671260846,454815.60943883215,101,101
131675.3289663407,458172.781598823,134705.3289663407,461202.781598823,101,101
126194.60055554326,456715.08479025285,129224.60055554326,459745.08479025285,101,101
127122.69259471413,458883.47150902177,130152.69259471413,461913.47150902177,101,101
138866.30432867561,454218.58383475663,141896.30432867561,457248.58383475663,101,101
128513.47601975295,452758.7538373615,131543.47601975297,455788.7538373615,101,101
132813.18193390997,457996.58359977324,135843.18193390997,461026.58359977324,101,101
128818.62244527476,454174.71379027056,131848.62244527476,457204.71379027056,101,101
131857.30935272723,453030.67242140684,134887.30935272723,456060.67242140684,101,101
127094.81194124809,452733.89306876867,130124.81194124809,455763.89306876867,101,101
130643.26014771705,454734.9155515418,133673.26014771705,457764.9155515418,101,101
136961.20649843075,457126.7909990664,139991.20649843075,460156.7909990664,101,101
138256.77604539512,454001.29378497903,141286.77604539512,457031.29378497903,101,101
128180.03819657922,451372.0665382637,131210.0381965792,454402.0665382637,101,101
128716.89408460676,450506.41955207265,131746.89408460676,453536.41955207265,101,101
134857.37005263596,457448.5422012833,137887.37005263596,460478.5422012833,101,101
134775.4639572511,452574.3596954981,137805.4639572511,455604.3596954981,101,101
127055.15228839967,458159.45979009767,130085.15228839967,461189.45979009767,101,101
133174.5934619656,456633.9507792091,136204.5934619656,459663.9507792091,101,101
126031.69660691054,459143.39821249957,129061.69660691054,462173.39821249957,101,101
127443.34772669933,455833.84735728,130473.34772669933,458863.84735728,101,101
134627.4926004869,451047.3177415687,137657.4926004869,454077.3177415687,101,101
134909.82332135734,450740.9866208295,137939.82332135734,453770.9866208295,101,101
135270.76113994603,456999.7531187003,138300.76113994603,460029.7531187003,101,101
130787.24854253081,458070.6204044096,133817.2485425308,461100.6204044096,101,101
129095.17150251163,452850.6883357716,132125.17150251163,455880.6883357716,101,101
136951.3427761165,454153.0773495231,139981.3427761165,457183.0773495231,101,101
132003.7970893383,457225.11133273353,135033.7970893383,460255.11133273353,101,101
132299.89391150445,452992.5742257203,135329.89391150445,456022.5742257203,101,101
128465.24863065465,456604.9125644436,131495.24863065465,459634.9125644436,101,101
126417.88743951132,458804.91563028115,129447.88743951132,461834.91563028115,101,101
132925.40817542153,457643.5248257827,135955.40817542153,460673.5248257827,101,101
138530.20207528374,453314.8267946137,141560.20207528374,456344.8267946137,101,101
132684.21611676668,457569.6656761848,135714.21611676668,460599.6656761848,101,101
127972.34078750393,455873.05409080896,131002.34078750393,458903.05409080896,101,101
132531.58378839184,451757.28143194044,135561.58378839184,454787.28143194044,101,101
139379.2646441407,453045.97219763265,142409.2646441407,456075.97219763265,101,101
127197.07733663867,457159.4654471402,130227.07733663867,460189.4654471402,101,101
136973.38993776953,450980.4461676794,140003.38993776953,454010.4461676794,101,101
126736.70526091725,457235.5987010783,129766.70526091725,460265.5987010783,101,101
125737.13609713239,455595.4014920672,128767.13609713239,458625.4014920672,101,101
137423.82894854184,451762.98395013344,140453.82894854184,454792.98395013344,101,101
136819.10928193617,453600.0542373198,139849.10928193617,456630.0542373198,101,101
133035.94291466492,452795.1973594314,136065.94291466492,455825.1973594314,101,101
134678.52571885352,453809.9129408588,137708.52571885352,456839.9129408588,101,101
132351.93861147136,452756.3520320534,135381.93861147136,455786.3520320534,101,101
133704.93692892411,452476.6707238022,136734.93692892411,455506.6707238022,101,101
136885.3868539022,454181.6021896669,139915.3868539022,457211.6021896669,101,101
134367.42265417497,457531.3131284383,137397.42265417497,460561.3131284383,101,101
137761.8741048239,452583.64428005967,140791.8741048239,455613.64428005967,101,101
129073.19272452599,450707.66092804587,132103.192724526,453737.66092804587,101,101
131417.59696184943,453518.46901898825,134447.59696184943,456548.46901898825,101,101
132174.97368239195,453868.3527218114,135204.97368239195,456898.3527218114,101,101
130459.8491983341,449658.2862631253,133489.8491983341,452688.2862631253,101,101
133399.79515331026,457978.9220221838,136429.79515331026,461008.9220221838,101,101
136442.46677487597,452053.2660570585,139472.46677487597,455083.2660570585,101,101
131185.1902072789,457899.4219621574,134215.1902072789,460929.4219621574,101,101
129878.7062855257,452706.90930565685,132908.7062855257,455736.90930565685,101,101
130313.32118733122,454994.0604597726,133343.32118733122,458024.0604597726,101,101
135312.33299069823,455635.76366259455,138342.33299069823,458665.76366259455,101,101
127505.67224866296,456909.0036352877,130535.67224866296,459939.0036352877,101,101
137509.70791391577,454144.26457694644,140539.70791391577,457174.26457694644,101,101
131777.33554302517,458345.6443841363,134807.33554302517,461375.6443841363,101,101
137882.34511432264,455822.8510122793,140912.34511432264,458852.8510122793,101,101
129056.62617184133,453230.39314421074,132086.62617184134,456260.39314421074,101,101
134046.86653303835,457698.7649382824,137076.86653303835,460728.7649382824,101,101
125256.96829181956,457525.5714204258,128286.96829181956,460555.5714204258,101,101
125568.4488405737,455810.8224868795,128598.4488405737,458840.8224868795,101,101
130435.19631362427,450570.77085408865,133465.19631362427,453600.77085408865,101,101
130725.48312287038,452100.4058428405,133755.48312287038,455130.4058428405,101,101
134522.78518584248,453136.50973829516,137552.78518584248,456166.50973829516,101,101
128379.93305574096,457158.12072346266,131409.93305574096,460188.12072346266,101,101
128207.93842110288,451082.3301779964,131237.93842110288,454112.3301779964,101,101
139330.37465438948,453626.41473471967,142360.37465438948,456656.41473471967,101,101
130995.16796468297,449113.67467415234,134025.16796468297,452143.67467415234,101,101
130340.94303688372,448759.2768861513,133370.94303688372,451789.2768861513,101,101
127861.76714749135,453545.4372880098,130891.76714749135,456575.4372880098,101,101
137491.86630164034,451948.4764911003,140521.86630164034,454978.4764911003,101,101
137641.60262397237,454934.22394076694,140671.60262397237,457964.22394076694,101,101
138186.29733500653,454493.955464593,141216.29733500653,457523.955464593,101,101
127686.40090944538,452163.57294788084,130716.40090944538,455193.57294788084,101,101
134038.28639401044,450675.83930968394,137068.28639401044,453705.83930968394,101,101
139661.0503523234,453568.1252891164,142691.0503523234,456598.1252891164,101,101
136328.27347446245,450422.1714747033,139358.27347446245,453452.1714747033,101,101
129717.07769608195,450757.9600492808,132747.07769608195,453787.9600492808,101,101
129595.88906452319,453535.4740835125,132625.8890645232,456565.4740835125,101,101
131247.90881483976,452537.36120563315,134277.90881483976,455567.36120563315,101,101
136413.91364589494,457509.4193615725,139443.91364589494,460539.4193615725,101,101
129091.8732684336,452402.86736607907,132121.8732684336,455432.86736607907,101,101
136662.77050745976,456904.8313211385,139692.77050745976,459934.8313211385,101,101
133070.66370251664,455645.8133551035,136100.66370251664,458675.8133551035,101,101
135240.4805063404,451074.1988743266,138270.4805063404,454104.1988743266,101,101
125721.47722301373,456730.39244241436,128751.47722301373,459760.39244241436,101,101
128491.23444153063,453554.1608306984,131521.23444153063,456584.1608306984,101,101
126001.41559944634,455880.41291918536,129031.41559944634,458910.41291918536,101,101
132030.42887521826,454048.47678786487,135060.42887521826,457078.47678786487,101,101
129217.09862373833,456788.90776391444,132247.09862373833,459818.90776391444,101,101
131393.41218239558,456511.2760292942,134423.41218239558,459541.2760292942,101,101
135760.08052328718,453189.7790137814,138790.08052328718,456219.7790137814,101,101
130293.92475956545,450258.96558448893,133323.92475956545,453288.96558448893,101,101
132012.01768298098,451231.77762523136,135042.01768298098,454261.77762523136,101,101
133625.09284127984,453010.9297790272,136655.09284127984,456040.9297790272,101,101
126803.9180871055,454626.7962364049,129833.9180871055,457656.7962364049,101,101
131432.50959184053,452102.35370798066,134462.50959184053,455132.35370798066,101,101
132573.83136077883,451994.8659678548,135603.83136077883,455024.8659678548,101,101
134805.4613668196,454998.1934656407,137835.4613668196,458028.1934656407,101,101
132845.88279778927,458509.8605523822,135875.88279778927,461539.8605523822,101,101
134472.26185950954,457200.6350629201,137502.26185950954,460230.6350629201,101,101
131639.11507415344,453028.1419862353,134669.11507415344,456058.1419862353,101,101
133853.08253204636,458453.5026398215,136883.08253204636,461483.5026398215,101,101
129051.31464485516,455048.52447871974,132081.31464485516,458078.52447871974,101,101
132716.47185660483,454146.987651082,135746.47185660483,457176.987651082,101,101
136103.63744092826,451574.23302699253,139133.63744092826,454604.23302699253,101,101
132101.09967138048,458170.7922533605,135131.09967138048,461200.7922533605,101,101
134635.93629705286,451113.0275803046,137665.93629705286,454143.0275803046,101,101
127382.60471707275,458468.31592195894,130412.60471707275,461498.31592195894,101,101
135889.09256421754,453745.7254968649,138919.09256421754,456775.7254968649,101,101
135594.73650186567,452624.70813525724,138624.73650186567,455654.70813525724,101,101
131606.29890485673,451967.36127771385,134636.29890485673,454997.36127771385,101,101
130657.74285212511,448330.5241822016,133687.7428521251,451360.5241822016,101,101
130697.80722607562,451607.6473082135,133727.80722607562,454637.6473082135,101,101
129574.23810626741,449317.8810552123,132604.2381062674,452347.8810552123,101,101
135682.72749494403,453244.27658797824,138712.72749494403,456274.27658797824,101,101
133712.65249951495,456291.3953925184,136742.65249951495,459321.3953925184,101,101
134550.57083023828,450958.0383925767,137580.57083023828,453988.0383925767,101,101
130060.30163000434,455649.5174021326,133090.30163000434,458679.5174021326,101,101
129889.97813323568,453072.55814957316,132919.97813323568,456102.55814957316,101,101
126502.42067587613,459013.5240298539,129532.42067587613,462043.5240298539,101,101
129357.45089688677,457195.57975087984,132387.45089688676,460225.57975087984,101,101
134023.05307765712,453343.20528895373,137053.05307765712,456373.20528895373,101,101
133716.77398969946,456976.0545514913,136746.77398969946,460006.0545514913,101,101
128984.8742574596,453125.12219820934,132014.8742574596,456155.12219820934,101,101
136158.36652594327,456628.74150056695,139188.36652594327,459658.74150056695,101,101
127347.84180269841,456489.8605296998,130377.84180269841,459519.8605296998,101,101
127829.01051223057,453040.1438958451,130859.01051223057,456070.1438958451,101,101
133335.01890311137,451969.85362536047,136365.01890311137,454999.85362536047,101,101
129749.20207856945,454819.95783727703,132779.20207856945,457849.95783727703,101,101
127663.37209117816,457762.2213424088,130693.37209117816,460792.2213424088,101,101
131040.78743283366,457944.09727789724,134070.78743283366,460974.09727789724,101,101
125734.01618585238,457733.51584402047,128764.01618585238,460763.51584402047,101,101
129825.23262730954,450212.0698307606,132855.23262730954,453242.0698307606,101,101
130524.34973817313,454494.61891187663,133554.34973817313,457524.61891187663,101,101
129562.96779298264,451687.5531327886,132592.96779298264,454717.5531327886,101,101
125585.22727215804,458621.7564312924,128615.22727215804,461651.7564312924,101,101
130942.2120153704,448373.8630621188,133972.2120153704,451403.8630621188,101,101
133673.18856723298,456417.22401642974,136703.18856723298,459447.22401642974,101,101
130562.82282797093,456144.0166084674,133592.82282797093,459174.0166084674,101,101
126117.2843056958,458542.34389608935,129147.2843056958,461572.34389608935,101,101
127003.6816124348,459116.9827671328,130033.6816124348,462146.9827671328,101,101
134814.46095748682,450896.4807319375,137844.46095748682,453926.4807319375,101,101
129751.67295745778,451197.1301217595,132781.67295745778,454227.1301217595,101,101
127145.12903070138,458866.478121175,130175.12903070138,461896.478121175,101,101
136140.27573753375,453860.92625014094,139170.27573753375,456890.92625014094,101,101
134261.94525831804,452279.4813948698,137291.94525831804,455309.4813948698,101,101
132722.13875075188,451164.19126147643,135752.13875075188,454194.19126147643,101,101
129698.03469845487,449968.4629060168,132728.03469845487,452998.4629060168,101,101
126689.88571709902,456004.34281153354,129719.88571709902,459034.34281153354,101,101
134711.88142723046,458033.7443506723,137741.88142723046,461063.7443506723,101,101
128840.38835025937,450883.7646460566,131870.38835025937,453913.7646460566,101,101
131040.52651469648,456120.68411909917,134070.52651469648,459150.68411909917,101,101
132749.95250596534,457019.7109423118,135779.95250596534,460049.7109423118,101,101
135180.15286219455,457835.06354306935,138210.15286219455,460865.06354306935,101,101
136223.8431035537,454139.7105883956,139253.8431035537,457169.7105883956,101,101
133564.09447794393,452340.0758329756,136594.09447794393,455370.0758329756,101,101
133698.0729454964,457055.62350503576,136728.0729454964,460085.62350503576,101,101
131837.4993439734,453009.72990118206,134867.4993439734,456039.72990118206,101,101
135336.5472021026,452085.69961172633,138366.5472021026,455115.69961172633,101,101
133306.39215364706,453549.57851753564,136336.39215364706,456579.57851753564,101,101
135546.39851638762,456521.11994997616,138576.39851638762,459551.11994997616,101,101
137672.4261820939,454864.52944288886,140702.4261820939,457894.52944288886,101,101
126798.69648674504,454465.371037945,129828.69648674504,457495.371037945,101,101
131787.75401456282,454033.2906652434,134817.75401456282,457063.2906652434,101,101
130944.75661913311,449664.91075490776,133974.7566191331,452694.91075490776,101,101
132004.18541484963,453319.6802145449,135034.18541484963,456349.6802145449,101,101
133509.10271143937,456677.97220111743,136539.10271143937,459707.97220111743,101,101
126425.73996179685,457744.16877040506,129455.73996179685,460774.16877040506,101,101
132520.4559433191,458522.2327514677,135550.4559433191,461552.2327514677,101,101
130121.98499754845,451676.263592437,133151.98499754845,454706.263592437,101,101
128197.20039566763,456864.98867283517,131227.20039566763,459894.98867283517,101,101
130413.17718405282,454474.982405518,133443.17718405282,457504.982405518,101,101
137399.6460210128,450780.95159424026,140429.6460210128,453810.95159424026,101,101
134840.1827394217,458067.96018407337,137870.1827394217,461097.96018407337,101,101
137242.31789127915,456234.2838172405,140272.31789127915,459264.2838172405,101,101
137166.30422717126,452008.2142263238,140196.30422717126,455038.2142263238,101,101
128957.06134699372,452549.8695011558,131987.06134699372,455579.8695011558,101,101
127666.63706487733,455009.9478042317,130696.63706487733,458039.9478042317,101,101
129017.38145480028,452698.9915851412,132047.38145480028,455728.9915851412,101,101
137317.47490516945,454727.03030209354,140347.47490516945,457757.03030209354,101,101
139444.70011782504,454197.5609172154,142474.70011782504,457227.5609172154,101,101
134190.78132863675,451667.8062010147,137220.78132863675,454697.8062010147,101,101
128631.16419670999,452730.9774568883,131661.16419671,455760.9774568883,101,101
134857.29415974274,458378.82602690166,137887.29415974274,461408.82602690166,101,101
136090.28119880863,450498.98963647016,139120.28119880863,453528.98963647016,101,101
125825.80044664459,457109.3211754369,128855.80044664459,460139.3211754369,101,101
134541.0610609465,458883.7133471102,137571.0610609465,461913.7133471102,101,101
128983.53834401423,456975.8298843053,132013.53834401423,460005.8298843053,101,101
131498.27386250606,453946.5182406091,134528.27386250606,456976.5182406091,101,101
128769.41955806146,452464.81744758744,131799.41955806146,455494.81744758744,101,101
129043.00166152474,454367.79215312976,132073.00166152476,457397.79215312976,101,101
130900.8640556593,452664.7990184495,133930.8640556593,455694.7990184495,101,101
127391.00085425585,457311.2406628482,130421.00085425585,460341.2406628482,101,101
127047.23865538264,451746.199003866,130077.23865538264,454776.199003866,101,101
128530.66537718558,453896.2340234568,131560.66537718556,456926.2340234568,101,101
128102.92202560486,455047.8996586096,131132.92202560487,458077.8996586096,101,101
129670.97003507943,454478.33186070353,132700.97003507943,457508.33186070353,101,101
136475.25090339154,451881.08744208567,139505.25090339154,454911.08744208567,101,101
126288.62771835148,458389.6858230201,129318.62771835148,461419.6858230201,101,101
128426.68067582142,455222.2770559518,131456.68067582144,458252.2770559518,101,101
129875.5484996835,451460.41407359944,132905.5484996835,454490.41407359944,101,101
133039.14905599412,459073.77339673665,136069.14905599412,462103.77339673665,101,101
136523.29558276435,454626.6825220084,139553.29558276435,457656.6825220084,101,101
129670.63810760141,457880.710258301,132700.6381076014,460910.710258301,101,101
129125.78401322241,450374.7699931478,132155.7840132224,453404.7699931478,101,101
126285.13872127462,458633.70631623507,129315.13872127462,461663.70631623507,101,101
124981.29447654422,457859.57309440826,128011.29447654422,460889.57309440826,101,101
136514.92922864013,452418.675255848,139544.92922864013,455448.675255848,101,101
132185.4022998734,457392.45822519594,135215.4022998734,460422.45822519594,101,101
131488.461079861,456293.1288346742,134518.461079861,459323.1288346742,101,101
131440.8646937042,452657.21049484523,134470.8646937042,455687.21049484523,101,101
132682.4996144654,453790.01258242514,135712.4996144654,456820.01258242514,101,101
136605.45542234325,454009.75263433304,139635.45542234325,457039.75263433304,101,101
128171.89097723606,452593.0358874456,131201.89097723606,455623.0358874456,101,101
135628.71402714148,456558.75247535075,138658.71402714148,459588.75247535075,101,101
125636.17268752094,458245.3697157955,128666.17268752094,461275.3697157955,101,101
134625.96384326817,453448.13462571456,137655.96384326817,456478.13462571456,101,101
133728.80997480737,453957.20439531875,136758.80997480737,456987.20439531875,101,101
137620.62650996973,452650.6119759595,140650.62650996973,455680.6119759595,101,101
137521.78326807782,452129.5775754562,140551.78326807782,455159.5775754562,101,101
130151.58142335757,458120.0824735117,133181.58142335757,461150.0824735117,101,101
137205.41593324413,452094.16669168323,140235.41593324413,455124.16669168323,101,101
128111.60850350281,458335.7656703258,131141.6085035028,461365.7656703258,101,101
129568.56990665465,457490.57108990464,132598.56990665465,460520.57108990464,101,101
135140.29285475958,457200.01929339493,138170.29285475958,460230.01929339493,101,101
133904.62137257122,455655.25095010165,136934.62137257122,458685.25095010165,101,101
135291.592361068,454292.2914524559,138321.592361068,457322.2914524559,101,101
136106.68924148183,456857.17259077233,139136.68924148183,459887.17259077233,101,101
127521.65837735473,458305.3613087626,130551.65837735473,461335.3613087626,101,101
130797.60114184843,449149.7730719324,133827.60114184843,452179.7730719324,101,101
134981.0122591858,453240.94403687824,138011.0122591858,456270.94403687824,101,101
130062.71993829528,449127.36202312604,133092.71993829528,452157.36202312604,101,101
129150.21427512637,453321.77123267873,132180.21427512637,456351.77123267873,101,101
128037.77005812018,454968.8607451904,131067.77005812018,457998.8607451904,101,101
129678.79314745212,450976.626783247,132708.79314745212,454006.626783247,101,101
135085.6973826245,454013.2679205123,138115.6973826245,457043.2679205123,101,101
130567.08040950674,457557.41739870113,133597.08040950674,460587.41739870113,101,101
137587.24841691856,453013.55867988156,140617.24841691856,456043.55867988156,101,101
126458.61650146254,458994.0089158351,129488.61650146254,462024.0089158351,101,101
136458.36498070232,450485.48357596796,139488.36498070232,453515.48357596796,101,101
130471.90322290128,455953.5573033588,133501.90322290128,458983.5573033588,101,101
132061.02475806532,456152.6860528946,135091.02475806532,459182.6860528946,101,101
128235.9002007137,456529.8884471108,131265.90020071372,459559.8884471108,101,101
136375.45494356376,456925.7516847563,139405.45494356376,459955.7516847563,101,101
127633.91420561438,457885.1358176508,130663.91420561438,460915.1358176508,101,101
131596.8018985323,456578.29163740936,134626.8018985323,459608.29163740936,101,101
134444.8244116328,454870.45784616435,137474.8244116328,457900.45784616435,101,101
135646.47632903222,455390.3869328635,138676.47632903222,458420.3869328635,101,101
132218.2585141796,457191.15927872615,135248.2585141796,460221.15927872615,101,101
134236.1285309491,454787.22140386305,137266.1285309491,457817.22140386305,101,101
133884.40027196208,456570.6512947648,136914.40027196208,459600.6512947648,101,101
136067.53750788353,450361.6552283695,139097.53750788353,453391.6552283695,101,101
135653.31562912717,455002.4805631704,138683.31562912717,458032.4805631704,101,101
134262.07121404188,454634.08400633483,137292.07121404188,457664.08400633483,101,101
126686.73168646795,455708.95145132445,129716.73168646795,458738.95145132445,101,101
127186.30002173975,454417.6887249585,130216.30002173975,457447.6887249585,101,101
132437.04858202732,453531.338028466,135467.04858202732,456561.338028466,101,101
130993.20657492077,455418.58580373524,134023.20657492077,458448.58580373524,101,101
132902.79833734158,453562.93078449083,135932.79833734158,456592.93078449083,101,101
133813.21062052387,454904.7843826754,136843.21062052387,457934.7843826754,101,101
131590.71825220765,455174.6459948769,134620.71825220765,458204.6459948769,101,101
129393.31676888208,453268.290893401,132423.3167688821,456298.290893401,101,101
132459.52488124318,455744.0002295151,135489.52488124318,458774.0002295151,101,101
137276.8686173911,455434.6872343848,140306.8686173911,458464.6872343848,101,101
128079.90893639102,454111.7017668097,131109.908936391,457141.7017668097,101,101
127667.4283108582,456537.92110758077,130697.4283108582,459567.92110758077,101,101
129379.23804932628,452416.7789930441,132409.2380493263,455446.7789930441,101,101
129177.727746251,453276.33692586946,132207.72774625098,456306.33692586946,101,101
134065.68526083647,456920.71815708023,137095.68526083647,459950.71815708023,101,101
131879.39162078328,457427.8331737886,134909.39162078328,460457.8331737886,101,101
133116.71552879133,458898.02117455576,136146.71552879133,461928.02117455576,101,101
139462.4319348028,453296.82572163956,142492.4319348028,456326.82572163956,101,101
132458.76636738383,454175.21092232707,135488.76636738383,457205.21092232707,101,101
127138.6620212203,455671.1889571148,130168.6620212203,458701.1889571148,101,101
135152.4110288143,455703.3203247839,138182.4110288143,458733.3203247839,101,101
130115.17727284276,453893.984157057,133145.17727284276,456923.984157057,101,101
135963.104464042,455670.2098975311,138993.104464042,458700.2098975311,101,101
126067.94587155152,456158.0172283553,129097.94587155152,459188.0172283553,101,101
130603.95091286357,454032.3076718217,133633.95091286357,457062.3076718217,101,101
131385.55925647958,452589.0594185374,134415.55925647958,455619.0594185374,101,101
128065.24766952037,452045.2114432397,131095.24766952038,455075.2114432397,101,101
130957.7699949765,453043.2596037828,133987.7699949765,456073.2596037828,101,101
130693.56605753122,451562.5179748832,133723.56605753122,454592.5179748832,101,101
133513.8522612745,458570.64498512447,136543.8522612745,461600.64498512447,101,101
133287.37178723692,451012.48130436696,136317.37178723692,454042.48130436696,101,101
128009.20635274978,451602.5813298646,131039.20635274978,454632.5813298646,101,101
133570.97520900585,455000.0332341129,136600.97520900585,458030.0332341129,101,101
132975.91802894545,458326.492234793,136005.91802894545,461356.492234793,101,101
126127.0392133395,457619.4658246984,129157.0392133395,460649.4658246984,101,101
125564.99950134743,457790.91523758305,128594.99950134743,460820.91523758305,101,101
130148.86087935133,451936.99304654665,133178.86087935133,454966.99304654665,101,101
132558.66847401406,458007.8781276585,135588.66847401406,461037.8781276585,101,101
126859.7046765618,459568.46715548966,129889.7046765618,462598.46715548966,101,101
128591.96880098624,453132.6791808423,131621.96880098624,456162.6791808423,101,101
130212.87370089855,453061.2732600783,133242.87370089855,456091.2732600783,101,101
130095.11441089565,449617.1909365729,133125.11441089565,452647.1909365729,101,101
127526.36008089446,458977.6765356258,130556.36008089446,462007.6765356258,101,101
125505.91886167011,457538.15756337764,128535.91886167011,460568.15756337764,101,101
139202.667717877,454100.6161197106,142232.667717877,457130.6161197106,101,101
127867.68188245823,457567.3343982609,130897.68188245823,460597.3343982609,101,101
137587.37113721954,456083.42466792767,140617.37113721954,459113.42466792767,101,101
132818.87483231165,454073.52534387005,135848.87483231165,457103.52534387005,101,101
134372.85077347685,454441.9269776503,137402.85077347685,457471.9269776503,101,101
130428.6343082189,453351.805843937,133458.6343082189,456381.805843937,101,101
136542.49694365138,450580.13906522223,139572.49694365138,453610.13906522223,101,101
129187.64002591145,456541.4166077862,132217.64002591145,459571.4166077862,101,101
134064.1127047151,453835.6751970372,137094.1127047151,456865.6751970372,101,101
132923.60884720055,456390.58585793426,135953.60884720055,459420.58585793426,101,101
133591.33895004544,456876.46391118475,136621.33895004544,459906.46391118475,101,101
131009.44777774217,452171.5889171275,134039.44777774217,455201.5889171275,101,101
135223.20754957254,453887.69777075364,138253.20754957254,456917.69777075364,101,101
133568.67847552945,456781.1048453089,136598.67847552945,459811.1048453089,101,101
127623.72310334652,458410.925002799,130653.72310334652,461440.925002799,101,101
128124.62134591414,452148.6962478679,131154.62134591414,455178.6962478679,101,101
130821.7718969849,451770.1928910336,133851.7718969849,454800.1928910336,101,101
134565.86848719663,455830.07677761914,137595.86848719663,458860.07677761914,101,101
128689.84946615207,452049.24842621066,131719.84946615208,455079.24842621066,101,101
129472.47775736992,453301.53709061735,132502.47775736992,456331.53709061735,101,101
136604.34075206355,451850.6630847969,139634.34075206355,454880.6630847969,101,101
135372.3333501031,454149.82302901085,138402.3333501031,457179.82302901085,101,101
132895.59692746063,454456.60588085826,135925.59692746063,457486.60588085826,101,101
129587.88708723185,457593.8968117993,132617.88708723185,460623.8968117993,101,101
130485.12546615751,454517.4735331388,133515.1254661575,457547.4735331388,101,101
130865.91872317914,456568.53298812354,133895.91872317914,459598.53298812354,101,101
134438.3872596411,453134.838623078,137468.3872596411,456164.838623078,101,101
136918.75798931788,450157.8749967776,139948.75798931788,453187.8749967776,101,101
127960.43777354226,451533.5339521138,130990.43777354226,454563.5339521138,101,101
129203.64233345629,449668.83925017307,132233.6423334563,452698.83925017307,101,101
128441.95757727994,457429.8371014795,131471.95757727994,460459.8371014795,101,101
133043.43090474853,455837.9679123381,136073.43090474853,458867.9679123381,101,101
134767.82024026112,456445.4520356909,137797.82024026112,459475.4520356909,101,101
131968.89397029672,454593.8486276167,134998.89397029672,457623.8486276167,101,101
137126.09281987045,451964.40950171533,140156.09281987045,454994.40950171533,101,101
125382.05087723803,458605.4895204782,128412.05087723803,461635.4895204782,101,101
130542.03501891182,449718.1425555875,133572.03501891182,452748.1425555875,101,101
130800.626511988,449203.9304003674,133830.626511988,452233.9304003674,101,101
129980.60213163737,453162.89372741885,133010.60213163737,456192.89372741885,101,101
130948.36240281948,456858.86925710936,133978.36240281948,459888.86925710936,101,101
130504.39027729596,456353.17896489915,133534.39027729596,459383.17896489915,101,101
126945.67807011571,459108.59733526775,129975.67807011571,462138.59733526775,101,101
129387.96046963982,455793.61352380406,132417.9604696398,458823.61352380406,101,101
133800.88292840435,457594.0902019542,136830.88292840435,460624.0902019542,101,101
132875.70741009983,453558.84652425774,135905.70741009983,456588.84652425774,101,101
134131.79153244695,455000.83815032046,137161.79153244695,458030.83815032046,101,101
134943.84761356044,453042.82640939165,137973.84761356044,456072.82640939165,101,101
130578.24296645916,449424.7847051132,133608.24296645916,452454.7847051132,101,101
134329.06777971526,457467.1351406318,137359.06777971526,460497.1351406318,101,101
125948.98829603031,457934.7023048033,128978.98829603031,460964.7023048033,101,101
129764.94114536204,450631.70908197865,132794.94114536204,453661.70908197865,101,101
129110.35660515097,451837.5226051203,132140.35660515097,454867.5226051203,101,101
125895.55523128965,458367.2210991523,128925.55523128965,461397.2210991523,101,101
135986.24752747352,455290.06101934257,139016.24752747352,458320.06101934257,101,101
126368.01197808248,455853.23576341616,129398.01197808248,458883.23576341616,101,101
128617.19501761674,454839.8426024671,131647.19501761673,457869.8426024671,101,101
130679.88442327181,450424.00545885717,133709.8844232718,453454.00545885717,101,101
127471.5066101366,458758.5624286725,130501.5066101366,461788.5624286725,101,101
126495.95059603639,455566.2169484012,129525.95059603639,458596.2169484012,101,101
131642.44532367578,457687.4511437076,134672.44532367578,460717.4511437076,101,101
130593.27475010423,454886.11515643634,133623.27475010423,457916.11515643634,101,101
130189.27954157931,448452.63705295423,133219.2795415793,451482.63705295423,101,101
130902.31061460552,457788.63392695657,133932.31061460552,460818.63392695657,101,101
130905.32471405744,453907.2242176494,133935.32471405744,456937.2242176494,101,101
138724.98809456616,454285.76356905885,141754.98809456616,457315.76356905885,101,101
137390.82174846783,452555.27301570296,140420.82174846783,455585.27301570296,101,101
128845.40269430871,457110.9398898327,131875.40269430872,460140.9398898327,101,101
126574.59902368528,459633.7321992171,129604.59902368528,462663.7321992171,101,101
138792.25972693198,453929.2903937314,141822.25972693198,456959.2903937314,101,101
136225.22408911836,457728.31987646455,139255.22408911836,460758.31987646455,101,101
128069.85300213244,454033.58514255943,131099.85300213244,457063.58514255943,101,101
125363.59371719768,455615.13693014503,128393.59371719768,458645.13693014503,101,101
134580.9050760511,457445.3011780066,137610.9050760511,460475.3011780066,101,101
129736.67840787087,452527.71712203836,132766.67840787087,455557.71712203836,101,101
132730.0994063692,452417.1707219479,135760.0994063692,455447.1707219479,101,101
135980.37747042277,456793.4472923138,139010.37747042277,459823.4472923138,101,101
128180.04820436737,457675.3054197582,131210.04820436737,460705.3054197582,101,101
127247.77435201964,458277.6194036082,130277.77435201964,461307.6194036082,101,101
129510.39571064427,454623.9661176764,132540.39571064425,457653.9661176764,101,101
129507.18050947058,450370.8776441156,132537.18050947058,453400.8776441156,101,101
134883.50451080443,456923.1990984646,137913.50451080443,459953.1990984646,101,101
133133.01814699767,458553.62490938255,136163.01814699767,461583.62490938255,101,101
126972.32397773769,458557.4728706159,130002.32397773769,461587.4728706159,101,101
133762.84155901565,453941.55515105504,136792.84155901565,456971.55515105504,101,101
137797.34382866323,455666.3005575036,140827.34382866323,458696.3005575036,101,101
129599.96078893647,450915.9030368057,132629.96078893647,453945.9030368057,101,101
137035.19595102765,456020.49484890763,140065.19595102765,459050.49484890763,101,101
128132.51935793918,457627.3883210904,131162.5193579392,460657.3883210904,101,101
131641.84986263278,451523.950552931,134671.84986263278,454553.950552931,101,101
128766.06255098351,456443.60066657315,131796.0625509835,459473.60066657315,101,101
137364.31267023247,452491.08952826395,140394.31267023247,455521.08952826395,101,101
125466.06277415916,456872.525671719,128496.06277415916,459902.525671719,101,101
133189.21340968908,457665.9536623417,136219.21340968908,460695.9536623417,101,101
137011.98576114606,453645.07345070236,140041.98576114606,456675.07345070236,101,101
136309.05422012025,453879.66682406364,139339.05422012025,456909.66682406364,101,101
130914.24571365266,457071.4710107874,133944.24571365266,460101.4710107874,101,101
131269.70211149362,450878.64214487345,134299.70211149362,453908.64214487345,101,101
133117.9308329801,455399.6593644409,136147.9308329801,458429.6593644409,101,101
135283.42069639178,457933.90609758877,138313.42069639178,460963.90609758877,101,101
128479.81045903981,453273.82910446177,131509.8104590398,456303.82910446177,101,101
129775.59757313982,454601.18272204354,132805.59757313982,457631.18272204354,101,101
130371.83835056669,457462.098352892,133401.8383505667,460492.098352892,101,101
136536.1331817714,450917.1768367009,139566.1331817714,453947.1768367009,101,101
127991.12801685618,453292.6291807104,131021.12801685618,456322.6291807104,101,101
125936.61064720099,455966.46403993294,128966.61064720099,458996.46403993294,101,101
136252.10529306007,452454.9861602815,139282.10529306007,455484.9861602815,101,101
129108.84019458128,452300.0169575061,132138.84019458128,455330.0169575061,101,101
134510.4562796984,456132.06868710957,137540.4562796984,459162.06868710957,101,101
132869.68865590275,453360.727708929,135899.68865590275,456390.727708929,101,101
131641.66392268758,455650.53565468255,134671.66392268758,458680.53565468255,101,101
129761.57822152178,456220.6827687132,132791.57822152178,459250.6827687132,101,101
132064.41975823048,454648.54842467717,135094.41975823048,457678.54842467717,101,101
127737.03115513053,453262.5396538563,130767.03115513053,456292.5396538563,101,101
130524.41824298626,451426.3169261005,133554.41824298626,454456.3169261005,101,101
134580.78059039195,455588.4766584062,137610.78059039195,458618.4766584062,101,101
134135.1896136102,452645.9310164576,137165.1896136102,455675.9310164576,101,101
133447.7068973586,457272.1855284612,136477.7068973586,460302.1855284612,101,101
126681.49646055051,458015.13176986977,129711.49646055051,461045.13176986977,101,101
131468.13883422423,456965.58736286435,134498.13883422423,459995.58736286435,101,101
128410.27375199435,457991.97569360386,131440.27375199436,461021.97569360386,101,101
136668.30813084383,453201.95917200437,139698.30813084383,456231.95917200437,101,101
127221.79743625358,454823.21706780716,130251.79743625358,457853.21706780716,101,101
128743.6046833733,455270.46947883663,131773.6046833733,458300.46947883663,101,101
130895.68250317068,453911.3358127553,133925.68250317068,456941.3358127553,101,101
132462.28429132755,453403.6923035219,135492.28429132755,456433.6923035219,101,101
125768.39525572924,456818.49720197066,128798.39525572924,459848.49720197066,101,101
131245.33968877088,457543.13552894065,134275.33968877088,460573.13552894065,101,101
127497.74700339355,457038.26824023604,130527.74700339355,460068.26824023604,101,101
127846.6467110469,453833.23467809305,130876.6467110469,456863.23467809305,101,101
127654.59897709746,456839.20483977796,130684.59897709746,459869.20483977796,101,101
126785.2169862784,457972.0761811236,129815.2169862784,461002.0761811236,101,101
129898.75080964694,450050.4938265505,132928.75080964694,453080.4938265505,101,101
127476.31870326282,454315.0540029144,130506.31870326282,457345.0540029144,101,101
134279.97069668927,454904.7161086003,137309.97069668927,457934.7161086003,101,101
133219.53338801247,458408.34686402924,136249.53338801247,461438.34686402924,101,101
132875.06667596917,456661.1113929625,135905.06667596917,459691.1113929625,101,101
130252.33005490407,450503.9010970911,133282.33005490407,453533.9010970911,101,101
130809.4216460381,457051.5713416073,133839.4216460381,460081.5713416073,101,101
132565.65928121764,451429.5499538911,135595.65928121764,454459.5499538911,101,101
133669.7532372891,454624.46835912426,136699.7532372891,457654.46835912426,101,101
129666.38593536214,457265.3887138038,132696.38593536214,460295.3887138038,101,101
128518.97977550326,454227.21285165,131548.97977550328,457257.21285165,101,101
128086.88075680356,457885.1102658023,131116.88075680356,460915.1102658023,101,101
132561.49674405486,458516.09932254715,135591.49674405486,461546.09932254715,101,101
130244.25229863211,452981.8043955005,133274.2522986321,456011.8043955005,101,101
129267.31550364986,454794.70399138785,132297.31550364988,457824.70399138785,101,101
136500.32921800727,452817.181358875,139530.32921800727,455847.181358875,101,101
128671.86510557184,452331.0029247719,131701.86510557184,455361.0029247719,101,101
131863.36516215763,456737.584395894,134893.36516215763,459767.584395894,101,101
130895.92676778999,448152.2358854072,133925.92676779,451182.2358854072,101,101
127602.39583671352,458464.1284873062,130632.39583671352,461494.1284873062,101,101
131185.84435287374,453262.09842936246,134215.84435287374,456292.09842936246,101,101
137334.98141151445,456302.3928770556,140364.98141151445,459332.3928770556,101,101
137159.1778422856,455341.8693859568,140189.1778422856,458371.8693859568,101,101
127494.14124680871,457223.8987070817,130524.14124680871,460253.8987070817,101,101
132398.37881804974,456967.8118427397,135428.37881804974,459997.8118427397,101,101
134788.01790468668,453660.6808594927,137818.01790468668,456690.6808594927,101,101
134442.41643149388,458595.95613753947,137472.41643149388,461625.95613753947,101,101
133459.0547029911,455914.49907134817,136489.0547029911,458944.49907134817,101,101
135297.7212285385,452868.96764518955,138327.7212285385,455898.96764518955,101,101
134583.4182362734,458685.8486238776,137613.4182362734,461715.8486238776,101,101
127639.75024131913,455834.12430302706,130669.75024131913,458864.12430302706,101,101
126908.4108141047,454526.42309512047,129938.4108141047,457556.42309512047,101,101
135912.0001383566,456268.3981591249,138942.0001383566,459298.3981591249,101,101
132552.1584773806,457995.1303102796,135582.1584773806,461025.1303102796,101,101
135502.19226210596,457767.57306720584,138532.19226210596,460797.57306720584,101,101
130875.96543607686,455077.7605840329,133905.96543607686,458107.7605840329,101,101
135913.66231651336,453290.3694722234,138943.66231651336,456320.3694722234,101,101
132985.05595833558,459291.1013287658,136015.05595833558,462321.1013287658,101,101
134524.2472783719,452474.41271567583,137554.2472783719,455504.41271567583,101,101
133336.05708778027,453023.4678323686,136366.05708778027,456053.4678323686,101,101
133339.39431251632,452534.71401031374,136369.39431251632,455564.71401031374,101,101
131186.10226451518,454102.83270523173,134216.10226451518,457132.83270523173,101,101
136179.9922430282,451893.4663800805,139209.9922430282,454923.4663800805,101,101
135783.26449119815,451549.23800191825,138813.26449119815,454579.23800191825,101,101
128649.01841338635,453246.37090442143,131679.01841338637,456276.37090442143,101,101
136549.18013127567,451142.6413116208,139579.18013127567,454172.6413116208,101,101
128764.29415301094,453920.91975327133,131794.29415301094,456950.91975327133,101,101
134350.37767832118,456061.36151204706,137380.37767832118,459091.36151204706,101,101
135112.05955455688,455172.8066276611,138142.05955455688,458202.8066276611,101,101
135166.3720333681,457635.02887549106,138196.3720333681,460665.02887549106,101,101
128088.44370545278,458251.2984831948,131118.44370545278,461281.2984831948,101,101
130761.38109913672,448283.99981655244,133791.38109913672,451313.99981655244,101,101
130764.53721911347,455952.7792106109,133794.53721911347,458982.7792106109,101,101
129456.70711423158,454939.36984433,132486.7071142316,457969.36984433,101,101
131715.65510086558,451553.59329447465,134745.65510086558,454583.59329447465,101,101
132563.53874012217,456075.61653908674,135593.53874012217,459105.61653908674,101,101
136334.71900793625,454412.274298642,139364.71900793625,457442.274298642,101,101
135906.761885289,451878.07545138756,138936.761885289,454908.07545138756,101,101
126639.61005175041,456197.23358580394,129669.61005175041,459227.23358580394,101,101
130392.03972033932,448287.1140023503,133422.03972033932,451317.1140023503,101,101
134313.83604330977,453034.7072881031,137343.83604330977,456064.7072881031,101,101
130946.99591149105,452147.46158939926,133976.99591149105,455177.46158939926,101,101
129837.2011631495,456474.59862479323,132867.2011631495,459504.59862479323,101,101
135374.78166797233,456813.26641806035,138404.78166797233,459843.26641806035,101,101
130425.17753979162,452957.27812068944,133455.17753979162,455987.27812068944,101,101
126207.91669854788,457220.8567880688,129237.91669854788,460250.8567880688,101,101
131222.80806426413,448374.2207952707,134252.80806426413,451404.2207952707,101,101
130181.98102874003,452744.59352264646,133211.98102874003,455774.59352264646,101,101
134889.99670652725,458561.54889728146,137919.99670652725,461591.54889728146,101,101
130590.9763224514,448734.45033711515,133620.9763224514,451764.45033711515,101,101
137203.29263779073,453856.53732126637,140233.29263779073,456886.53732126637,101,101
133250.5073348562,452176.8078649118,136280.5073348562,455206.8078649118,101,101
134410.48378886803,451396.7512710802,137440.48378886803,454426.7512710802,101,101
127944.77383356284,454409.37361754745,130974.77383356284,457439.37361754745,101,101
132076.33054209704,456008.48822109145,135106.33054209704,459038.48822109145,101,101
136153.52890528017,452610.4184555116,139183.52890528017,455640.4184555116,101,101
133334.5270758572,456686.07264151477,136364.5270758572,459716.07264151477,101,101
137588.16395401265,450940.80425499275,140618.16395401265,453970.80425499275,101,101
128051.1208910991,453049.7163956606,131081.1208910991,456079.7163956606,101,101
136985.44484103963,454208.7147010609,140015.44484103963,457238.7147010609,101,101
135578.24348642386,457948.13757267623,138608.24348642386,460978.13757267623,101,101
131547.5570740894,451669.98072258226,134577.5570740894,454699.98072258226,101,101
136900.32458221738,453493.02314590686,139930.32458221738,456523.02314590686,101,101
134887.68197839792,458337.21599743294,137917.68197839792,461367.21599743294,101,101
137441.20473950703,454403.1957286276,140471.20473950703,457433.1957286276,101,101
132990.26238832122,455523.3765303461,136020.26238832122,458553.3765303461,101,101
126329.21802535423,455846.4937164607,129359.21802535423,458876.4937164607,101,101
135708.75950552558,450502.13506752107,138738.75950552558,453532.13506752107,101,101
136828.68223506684,456970.4229773864,139858.68223506684,460000.4229773864,101,101
134473.97050160068,450815.6226102823,137503.97050160068,453845.6226102823,101,101
128957.98268216434,452914.2044436376,131987.98268216435,455944.2044436376,101,101
127167.40542221579,458650.54814286233,130197.40542221579,461680.54814286233,101,101
129096.01790698092,455717.70407432906,132126.01790698094,458747.70407432906,101,101
136239.50728669923,456479.739865491,139269.50728669923,459509.739865491,101,101
126746.61016343739,457430.2991638349,129776.61016343739,460460.2991638349,101,101
134100.1647925578,456365.2623640582,137130.1647925578,459395.2623640582,101,101
137140.89937412244,453679.0869794641,140170.89937412244,456709.0869794641,101,101
132608.8989990368,451190.3670003591,135638.8989990368,454220.3670003591,101,101
133703.94662306845,453845.5523982458,136733.94662306845,456875.5523982458,101,101
137013.81854329546,452979.55910196644,140043.81854329546,456009.55910196644,101,101
139487.9322936486,453846.6147404331,142517.9322936486,456876.6147404331,101,101
137578.57731946977,456245.5606436074,140608.57731946977,459275.5606436074,101,101
131989.26653154168,452258.1925120987,135019.26653154168,455288.1925120987,101,101
127118.57331376542,456911.13544500375,130148.57331376542,459941.13544500375,101,101
130803.43934435077,455777.3547965539,133833.43934435077,458807.3547965539,101,101
133295.6428695678,455688.5650218727,136325.6428695678,458718.5650218727,101,101
125925.27758790564,456509.58844086545,128955.27758790564,459539.58844086545,101,101
137102.59688751044,451399.4049783388,140132.59688751044,454429.4049783388,101,101
126699.12695045798,455894.14309515315,129729.12695045798,458924.14309515315,101,101
139436.3625739534,453756.14446303895,142466.3625739534,456786.14446303895,101,101
136486.2017605161,453846.14942678885,139516.2017605161,456876.14942678885,101,101
129652.94574669472,457756.22596155055,132682.94574669472,460786.22596155055,101,101
135264.11636991496,454711.5815717339,138294.11636991496,457741.5815717339,101,101
136483.41151094105,455483.41371832025,139513.41151094105,458513.41371832025,101,101
132152.6004125851,453435.2471901895,135182.6004125851,456465.2471901895,101,101
126700.48053009639,459462.7760351314,129730.48053009639,462492.7760351314,101,101
126327.10912616822,459042.85390716593,129357.10912616822,462072.85390716593,101,101
134319.43653566635,453862.6234806441,137349.43653566635,456892.6234806441,101,101
135575.31945017556,451531.4608724872,138605.31945017556,454561.4608724872,101,101
129657.36050907048,451167.18564578367,132687.36050907048,454197.18564578367,101,101
137960.2054552411,453817.5666038915,140990.2054552411,456847.5666038915,101,101
129492.38221619707,451155.2100248755,132522.3822161971,454185.2100248755,101,101
132284.4472878678,456965.8858540632,135314.4472878678,459995.8858540632,101,101
135891.8504495243,452399.36649706,138921.8504495243,455429.36649706,101,101
134934.87565324258,458613.786087286,137964.87565324258,461643.786087286,101,101
130449.13235810821,455217.1112598057,133479.1323581082,458247.1112598057,101,101
130017.74762026506,454275.42612749396,133047.74762026506,457305.42612749396,101,101
129620.87188669821,456648.03443335847,132650.8718866982,459678.03443335847,101,101
131342.309581692,450320.2680324058,134372.309581692,453350.2680324058,101,101
130118.39761864222,451924.34074220527,133148.39761864222,454954.34074220527,101,101
136150.45902301683,453472.91288256407,139180.45902301683,456502.91288256407,101,101
131786.208784562,458257.51824482,134816.208784562,461287.51824482,101,101
129146.6917514621,451666.5572272534,132176.69175146212,454696.5572272534,101,101
128431.0302814364,450744.56406241225,131461.0302814364,453774.56406241225,101,101
128136.17439991083,451701.3551245175,131166.17439991084,454731.3551245175,101,101
132974.59199419568,455520.07665971084,136004.59199419568,458550.07665971084,101,101
134304.02919881197,450794.25269978,137334.02919881197,453824.25269978,101,101
129970.12352711044,454264.52540383936,133000.12352711044,457294.52540383936,101,101
136110.89947416313,455805.0746252633,139140.89947416313,458835.0746252633,101,101
132679.50625459777,458589.08573511447,135709.50625459777,461619.08573511447,101,101
132084.06224660084,455572.9316601242,135114.06224660084,458602.9316601242,101,101
129719.71117981119,449719.4090300359,132749.7111798112,452749.4090300359,101,101
135270.17988065313,454998.08433473547,138300.17988065313,458028.08433473547,101,101
128037.21637707119,455668.95886486024,131067.21637707119,458698.95886486024,101,101
132097.42653016947,456710.1979655428,135127.42653016947,459740.1979655428,101,101
125901.74823914627,458787.6615357819,128931.74823914627,461817.6615357819,101,101
128124.03907535976,455483.56512463937,131154.03907535976,458513.56512463937,101,101
125528.27267391128,458511.5569415028,128558.27267391128,461541.5569415028,101,101
132056.4240497704,454291.75161460816,135086.4240497704,457321.75161460816,101,101
136731.82172556376,457196.99472283607,139761.82172556376,460226.99472283607,101,101
131149.13312313933,451369.3913057792,134179.13312313933,454399.3913057792,101,101
129868.10634027579,454019.8501783903,132898.1063402758,457049.8501783903,101,101
127366.77516276024,459026.58959306544,130396.77516276024,462056.58959306544,101,101
128582.26915710041,454530.6007208955,131612.2691571004,457560.6007208955,101,101
134619.4320438341,453128.62327090075,137649.4320438341,456158.62327090075,101,101
127572.40777351352,457616.71791262,130602.40777351352,460646.71791262,101,101
139765.2276026451,453839.211792564,142795.2276026451,456869.211792564,101,101
126868.37879130633,456093.13249662763,129898.37879130633,459123.13249662763,101,101
127574.53089018233,459013.53885744524,130604.53089018233,462043.53885744524,101,101
131073.25618782788,456215.8766918206,134103.25618782788,459245.8766918206,101,101
129186.84208907676,450589.01914330834,132216.84208907676,453619.01914330834,101,101
131015.04078845045,451965.45595859154,134045.04078845045,454995.45595859154,101,101
127268.13398872835,457736.0109535778,130298.13398872835,460766.0109535778,101,101
131265.32804575597,456713.39519821986,134295.32804575597,459743.39519821986,101,101
134826.83418664173,457316.145721997,137856.83418664173,460346.145721997,101,101
129964.52916116599,454992.50927252823,132994.529161166,458022.50927252823,101,101
133214.91454466584,456499.4480556145,136244.91454466584,459529.4480556145,101,101
132760.86141291982,458275.2872870062,135790.86141291982,461305.2872870062,101,101
135808.16802443488,455419.24689652957,138838.16802443488,458449.24689652957,101,101
133738.73950247304,457919.0566412952,136768.73950247304,460949.0566412952,101,101
139070.34934396233,453972.10409207904,142100.34934396233,457002.10409207904,101,101
129210.63000787,452741.6492570739,132240.63000787,455771.6492570739,101,101
129875.36417376634,449094.1476785618,132905.36417376634,452124.1476785618,101,101
129998.37921325711,451441.59306101495,133028.3792132571,454471.59306101495,101,101
130627.76203486067,458296.5481262438,133657.76203486067,461326.5481262438,101,101
127125.91220798074,454413.24472160405,130155.91220798074,457443.24472160405,101,101
131146.27109329624,456581.64331046265,134176.27109329624,459611.64331046265,101,101
134779.47166370417,458482.07539048506,137809.47166370417,461512.07539048506,101,101
135901.643504536,450402.58187608246,138931.643504536,453432.58187608246,101,101
127606.3831477293,454241.5573803762,130636.3831477293,457271.5573803762,101,101
128490.53767338609,457144.28724453907,131520.5376733861,460174.28724453907,101,101
129532.78098284865,456868.78606073593,132562.78098284866,459898.78606073593,101,101
134910.74010765133,457367.69152259344,137940.74010765133,460397.69152259344,101,101
134953.1953683556,455978.36170847324,137983.1953683556,459008.36170847324,101,101
128815.88403120595,451942.14199073566,131845.88403120596,454972.14199073566,101,101
130490.34185879739,449361.0857257242,133520.3418587974,452391.0857257242,101,101
129831.0758024553,450986.0671682985,132861.0758024553,454016.0671682985,101,101
130490.51930771756,457240.6156844469,133520.51930771756,460270.6156844469,101,101
130858.90282953551,451722.09941298375,133888.9028295355,454752.09941298375,101,101
134634.43983936709,456982.66504433064,137664.43983936709,460012.66504433064,101,101
129039.64955717738,451723.24131227046,132069.64955717738,454753.24131227046,101,101
134961.44317245335,453700.92450580845,137991.44317245335,456730.92450580845,101,101
125256.47857935462,458665.7698593131,128286.47857935462,461695.7698593131,101,101
135390.81742667258,455603.0012176931,138420.81742667258,458633.0012176931,101,101
126453.84969874566,458640.1167423988,129483.84969874566,461670.1167423988,101,101
131221.68176152842,449203.05421741295,134251.68176152842,452233.05421741295,101,101
133430.8080394313,458487.24623214855,136460.8080394313,461517.24623214855,101,101
133887.78462301855,451617.1255477413,136917.78462301855,454647.1255477413,101,101
131387.69824718975,453836.2582472164,134417.69824718975,456866.2582472164,101,101
136552.98249064537,456182.3139316971,139582.98249064537,459212.3139316971,101,101
130996.09059177342,457943.762806058,134026.09059177342,460973.762806058,101,101
134900.27394920873,457547.3002147215,137930.27394920873,460577.3002147215,101,101
128963.8630114404,455456.2064134904,131993.86301144038,458486.2064134904,101,101
